,Response,Employee_ID,Q1,Q2,Q3,Q4,Q5,Q6,Q7,Q8,Q9,Q10,Q11,Q12,Cluster,Office_ID,Latitude,Longitude,city
0,1,810081,6,3,5,4,3,6,5,3,5,4,6,4,2,6,34.0522,-118.2437,Los Angeles
1,2,512221,2,5,3,3,6,2,3,5,3,2,2,3,3,8,42.3314,-83.0458,Detroit
2,3,177541,3,2,3,5,2,3,3,2,3,6,3,6,0,3,40.7128,-74.006,New York
3,4,679938,3,5,3,3,6,2,2,5,2,2,3,2,3,8,42.3314,-83.0458,Detroit
4,5,777934,3,5,3,5,6,4,4,5,4,6,3,5,1,2,39.2904,-76.6122,Baltimore
5,6,824831,3,2,3,5,2,3,3,2,3,6,3,5,0,8,42.3314,-83.0458,Detroit
6,7,635443,6,3,5,4,3,6,6,3,6,4,6,4,2,3,40.7128,-74.006,New York
7,8,161814,6,3,5,4,3,6,6,3,5,4,6,4,2,1,25.7617,-80.1918,Miami
8,9,641760,6,3,5,4,3,6,6,3,6,4,6,4,2,9,43.651,-79.347,Toronto
9,10,862180,3,2,3,5,2,3,3,2,3,6,3,5,0,4,47.6062,-122.3321,Seattle
10,11,830855,1,3,2,5,3,6,5,3,5,6,1,6,4,1,25.7617,-80.1918,Miami
11,12,815570,3,2,3,5,2,3,3,2,3,7,3,6,0,5,37.7749,-122.4194,San Francisco
12,13,574647,6,3,5,3,3,6,6,3,5,3,6,3,2,5,37.7749,-122.4194,San Francisco
13,14,265194,6,3,5,3,3,6,6,3,5,3,6,3,2,5,37.7749,-122.4194,San Francisco
14,15,139361,6,3,5,4,3,6,6,3,6,4,6,4,2,3,40.7128,-74.006,New York
15,16,410834,2,5,3,2,5,2,2,5,2,2,2,2,3,8,42.3314,-83.0458,Detroit
16,17,174060,6,3,5,4,3,6,5,3,5,4,6,4,2,3,40.7128,-74.006,New York
17,18,195752,1,3,2,5,3,6,6,3,6,6,1,5,4,3,40.7128,-74.006,New York
18,19,801234,2,5,2,2,6,2,2,5,2,2,2,2,3,7,45.5017,-73.5673,Montreal
19,20,269220,3,5,3,5,5,4,4,5,4,6,3,5,1,9,43.651,-79.347,Toronto
20,21,184551,3,6,3,5,6,4,4,5,4,6,3,5,1,5,37.7749,-122.4194,San Francisco
21,22,397388,3,2,3,5,2,3,3,2,3,6,3,6,0,5,37.7749,-122.4194,San Francisco
22,23,647742,3,6,3,5,6,4,4,5,4,6,3,5,1,10,29.7604,-95.3698,Houston
23,24,373354,3,5,3,5,6,4,4,5,4,6,3,6,1,5,37.7749,-122.4194,San Francisco
24,25,754179,6,3,5,4,3,6,5,3,5,4,6,4,2,9,43.651,-79.347,Toronto
25,26,856495,3,2,3,5,2,3,3,2,3,6,3,5,0,12,39.7392,-104.9903,Denver
26,27,199596,2,3,2,5,3,6,6,3,6,6,2,6,4,2,39.2904,-76.6122,Baltimore
27,28,586057,3,2,3,5,2,3,3,2,3,6,3,5,0,5,37.7749,-122.4194,San Francisco
28,29,824970,3,5,3,5,6,4,4,5,4,6,3,5,1,3,40.7128,-74.006,New York
29,30,453865,3,2,3,5,2,3,3,2,3,6,3,5,0,4,47.6062,-122.3321,Seattle
30,31,538123,3,1,3,5,1,3,3,2,3,6,3,5,0,9,43.651,-79.347,Toronto
31,32,487507,5,3,5,4,3,5,5,3,5,3,5,4,2,6,34.0522,-118.2437,Los Angeles
32,33,753507,3,2,3,5,2,3,3,2,3,6,3,5,0,5,37.7749,-122.4194,San Francisco
33,34,136711,1,3,2,5,3,6,6,3,6,6,1,6,4,1,25.7617,-80.1918,Miami
34,35,353718,6,2,5,4,2,6,6,3,6,4,6,4,2,9,43.651,-79.347,Toronto
35,36,385249,2,5,2,3,5,3,3,5,3,2,2,3,3,2,39.2904,-76.6122,Baltimore
36,37,859345,2,3,2,5,3,6,6,3,5,6,2,6,4,5,37.7749,-122.4194,San Francisco
37,38,755944,2,6,3,3,6,2,2,5,2,2,2,2,3,8,42.3314,-83.0458,Detroit
38,39,778073,2,5,2,3,5,2,2,5,3,2,2,3,3,12,39.7392,-104.9903,Denver
39,40,448566,6,3,5,4,3,6,6,3,6,4,6,4,2,3,40.7128,-74.006,New York
40,41,497520,2,3,2,5,3,6,6,3,6,6,2,5,4,1,25.7617,-80.1918,Miami
41,42,502866,2,5,2,3,6,2,2,5,2,2,2,2,3,8,42.3314,-83.0458,Detroit
42,43,615693,3,2,3,5,2,3,3,2,3,6,3,5,0,8,42.3314,-83.0458,Detroit
43,44,606092,3,2,3,5,2,3,3,2,3,7,3,6,0,12,39.7392,-104.9903,Denver
44,45,687152,3,2,3,5,1,3,3,2,3,6,3,5,0,10,29.7604,-95.3698,Houston
45,46,804105,3,5,3,5,6,4,4,5,4,6,3,5,1,5,37.7749,-122.4194,San Francisco
46,47,459699,3,5,3,5,6,4,4,5,4,6,3,6,1,6,34.0522,-118.2437,Los Angeles
47,48,663951,3,2,3,5,2,3,3,2,3,6,3,5,0,5,37.7749,-122.4194,San Francisco
48,49,226839,2,6,3,2,6,2,2,5,2,2,2,2,3,10,29.7604,-95.3698,Houston
49,50,143951,3,6,3,5,6,4,4,5,4,6,3,6,1,8,42.3314,-83.0458,Detroit
50,51,479722,1,3,2,5,3,6,5,3,5,6,1,6,4,12,39.7392,-104.9903,Denver
51,52,783930,2,3,2,5,3,6,6,3,6,6,2,5,4,6,34.0522,-118.2437,Los Angeles
52,53,529364,6,3,6,4,3,6,6,3,6,4,6,4,2,9,43.651,-79.347,Toronto
53,54,223835,3,2,3,5,2,3,3,2,3,7,3,6,0,10,29.7604,-95.3698,Houston
54,55,665235,6,2,5,4,2,6,5,3,5,4,6,4,2,8,42.3314,-83.0458,Detroit
55,56,382830,3,5,3,5,6,4,4,5,4,6,3,6,1,10,29.7604,-95.3698,Houston
56,57,188022,3,6,3,5,6,5,4,5,4,6,3,6,1,12,39.7392,-104.9903,Denver
57,58,234374,2,5,2,2,6,2,2,5,2,1,2,2,3,9,43.651,-79.347,Toronto
58,59,648058,6,3,5,4,3,6,6,3,5,3,6,4,2,5,37.7749,-122.4194,San Francisco
59,60,809527,2,3,2,5,3,6,6,3,5,6,2,6,4,5,37.7749,-122.4194,San Francisco
60,61,817747,3,2,3,5,2,3,3,2,3,6,3,5,0,12,39.7392,-104.9903,Denver
61,62,727303,3,2,3,5,2,3,3,2,3,7,3,6,0,10,29.7604,-95.3698,Houston
62,63,420961,3,2,3,5,2,3,3,2,3,6,3,5,0,5,37.7749,-122.4194,San Francisco
63,64,827221,3,6,3,5,6,4,4,6,4,6,3,5,1,11,36.1627,-86.7816,Nashville
64,65,467587,1,3,2,6,3,6,5,3,5,7,1,6,4,4,47.6062,-122.3321,Seattle
65,66,602166,3,2,3,5,1,3,3,2,3,6,3,5,0,11,36.1627,-86.7816,Nashville
66,67,416171,2,5,3,3,6,3,3,5,3,2,2,3,3,12,39.7392,-104.9903,Denver
67,68,521649,5,3,5,4,3,6,6,3,6,4,5,4,2,5,37.7749,-122.4194,San Francisco
68,69,468115,3,5,4,5,6,4,4,5,4,6,3,5,1,1,25.7617,-80.1918,Miami
69,70,554787,3,2,3,5,2,3,3,2,3,6,3,6,0,5,37.7749,-122.4194,San Francisco
70,71,745994,3,5,3,5,6,4,4,5,4,6,3,5,1,11,36.1627,-86.7816,Nashville
71,72,635490,2,5,2,3,6,2,2,5,2,2,2,3,3,1,25.7617,-80.1918,Miami
72,73,671982,3,2,3,5,1,3,3,2,3,6,3,6,0,10,29.7604,-95.3698,Houston
73,74,424273,3,5,3,5,6,4,4,5,4,6,3,6,1,3,40.7128,-74.006,New York
74,75,348033,3,2,3,5,2,3,3,2,3,6,3,5,0,10,29.7604,-95.3698,Houston
75,76,516179,3,5,3,5,6,4,4,5,4,6,3,5,1,1,25.7617,-80.1918,Miami
76,77,701510,3,2,3,5,1,3,3,2,3,6,3,5,0,2,39.2904,-76.6122,Baltimore
77,78,184673,3,2,4,5,2,4,4,2,4,6,3,5,0,5,37.7749,-122.4194,San Francisco
78,79,697472,3,5,3,5,5,4,4,5,4,6,3,6,1,9,43.651,-79.347,Toronto
79,80,542040,3,5,3,5,6,4,4,5,4,6,3,5,1,5,37.7749,-122.4194,San Francisco
80,81,693787,2,5,3,2,6,3,3,5,3,1,2,2,3,8,42.3314,-83.0458,Detroit
81,82,692395,3,2,3,5,2,3,3,2,3,6,3,5,0,3,40.7128,-74.006,New York
82,83,185990,2,6,3,3,6,2,2,5,2,2,2,3,3,10,29.7604,-95.3698,Houston
83,84,797001,6,3,5,4,2,6,6,3,5,4,6,4,2,4,47.6062,-122.3321,Seattle
84,85,618017,2,3,2,5,3,6,6,3,5,6,2,5,4,12,39.7392,-104.9903,Denver
85,86,771893,3,6,3,3,6,3,3,5,3,2,3,2,3,8,42.3314,-83.0458,Detroit
86,87,843167,2,5,3,3,6,2,2,5,2,2,2,2,3,7,45.5017,-73.5673,Montreal
87,88,160698,3,6,3,5,6,4,4,5,4,6,3,6,1,6,34.0522,-118.2437,Los Angeles
88,89,358452,3,5,3,5,6,4,4,5,4,6,3,5,1,12,39.7392,-104.9903,Denver
89,90,206349,2,3,2,5,3,6,6,3,5,6,2,6,4,5,37.7749,-122.4194,San Francisco
90,91,798385,3,2,3,5,2,4,4,2,4,6,3,5,0,3,40.7128,-74.006,New York
91,92,310640,3,1,3,5,1,3,3,2,3,6,3,6,0,8,42.3314,-83.0458,Detroit
92,93,630882,3,6,3,5,6,4,4,5,4,7,3,6,1,4,47.6062,-122.3321,Seattle
93,94,535552,3,5,3,5,5,4,4,5,4,6,3,6,1,11,36.1627,-86.7816,Nashville
94,95,680789,5,3,5,4,3,5,5,3,5,4,5,4,2,9,43.651,-79.347,Toronto
95,96,134255,5,3,5,4,2,6,6,3,6,4,5,4,2,5,37.7749,-122.4194,San Francisco
96,97,649447,3,2,3,5,2,4,4,2,4,6,3,5,0,11,36.1627,-86.7816,Nashville
97,98,296068,2,3,2,5,3,6,5,3,5,6,2,5,4,10,29.7604,-95.3698,Houston
98,99,804519,3,2,3,5,2,3,3,2,3,6,3,5,0,10,29.7604,-95.3698,Houston
99,100,710222,2,3,2,5,3,5,5,3,5,6,2,6,4,7,45.5017,-73.5673,Montreal
100,101,200142,6,3,5,4,2,6,5,3,5,4,6,4,2,10,29.7604,-95.3698,Houston
101,102,750157,3,6,3,5,6,4,4,5,4,6,3,6,1,12,39.7392,-104.9903,Denver
102,103,202539,3,6,3,5,6,4,4,5,4,6,3,6,1,6,34.0522,-118.2437,Los Angeles
103,104,207164,3,2,3,5,2,3,3,2,3,6,3,5,0,10,29.7604,-95.3698,Houston
104,105,433229,3,5,3,5,6,4,4,5,4,6,3,5,1,4,47.6062,-122.3321,Seattle
105,106,257770,2,3,2,5,3,6,6,3,6,6,2,5,4,9,43.651,-79.347,Toronto
106,107,824831,3,5,3,5,6,4,4,5,4,6,3,5,1,8,42.3314,-83.0458,Detroit
107,108,283022,3,2,3,5,2,3,3,2,3,6,3,6,0,1,25.7617,-80.1918,Miami
108,109,251793,2,5,2,3,5,2,2,5,2,2,2,3,3,2,39.2904,-76.6122,Baltimore
109,110,553557,3,2,3,5,2,3,3,2,3,6,3,6,0,12,39.7392,-104.9903,Denver
110,111,817235,3,5,3,5,6,4,4,5,4,6,3,5,1,9,43.651,-79.347,Toronto
111,112,387826,3,6,3,5,6,4,4,5,4,6,3,5,1,12,39.7392,-104.9903,Denver
112,113,784320,3,2,3,5,2,4,4,2,4,6,3,5,0,9,43.651,-79.347,Toronto
113,114,373248,2,5,2,3,6,3,3,5,3,2,2,2,3,2,39.2904,-76.6122,Baltimore
114,115,354679,3,6,3,6,6,4,4,5,4,7,3,6,1,10,29.7604,-95.3698,Houston
115,116,359895,3,2,3,5,2,3,3,2,3,6,3,5,0,5,37.7749,-122.4194,San Francisco
116,117,153471,3,5,3,6,6,4,4,5,4,7,3,6,1,5,37.7749,-122.4194,San Francisco
117,118,445323,2,5,3,3,5,2,2,5,2,2,2,3,3,1,25.7617,-80.1918,Miami
118,119,136263,6,3,5,4,3,5,5,3,5,4,6,4,2,10,29.7604,-95.3698,Houston
119,120,849084,3,2,3,5,2,3,3,2,3,6,3,5,0,10,29.7604,-95.3698,Houston
120,121,802575,3,2,3,5,2,3,3,2,3,6,3,5,0,12,39.7392,-104.9903,Denver
121,122,650479,3,2,3,5,2,4,4,2,4,6,3,5,0,5,37.7749,-122.4194,San Francisco
122,123,204430,3,2,3,5,2,3,3,2,3,6,3,5,0,1,25.7617,-80.1918,Miami
123,124,416587,6,3,5,4,3,6,6,3,6,4,6,4,2,6,34.0522,-118.2437,Los Angeles
124,125,254632,6,3,5,4,3,6,6,3,6,4,6,4,2,7,45.5017,-73.5673,Montreal
125,126,642720,3,2,3,5,2,3,3,2,3,6,3,5,0,6,34.0522,-118.2437,Los Angeles
126,127,426284,2,3,2,5,3,6,6,3,6,6,2,5,4,2,39.2904,-76.6122,Baltimore
127,128,287897,3,2,3,5,2,4,4,2,4,6,3,6,0,1,25.7617,-80.1918,Miami
128,129,585930,3,2,3,5,2,3,3,2,3,6,3,6,0,6,34.0522,-118.2437,Los Angeles
129,130,509698,3,5,3,5,6,4,4,5,4,6,3,5,1,9,43.651,-79.347,Toronto
130,131,830495,5,3,5,3,3,5,5,3,5,3,5,3,2,6,34.0522,-118.2437,Los Angeles
131,132,780667,3,2,3,5,2,3,3,2,3,6,3,5,0,4,47.6062,-122.3321,Seattle
132,133,641414,3,2,3,5,2,3,3,2,3,6,3,5,0,9,43.651,-79.347,Toronto
133,134,316095,2,6,2,3,6,2,2,5,2,2,2,2,3,1,25.7617,-80.1918,Miami
134,135,685569,5,3,5,3,3,6,6,3,5,3,5,3,2,5,37.7749,-122.4194,San Francisco
135,136,222051,3,6,3,5,6,4,4,5,4,6,3,5,1,3,40.7128,-74.006,New York
136,137,670268,2,4,2,5,4,5,5,4,5,6,2,5,4,4,47.6062,-122.3321,Seattle
137,138,349700,3,2,3,5,2,3,3,2,3,6,3,5,0,1,25.7617,-80.1918,Miami
138,139,406983,3,5,3,5,6,4,4,5,4,6,3,5,1,10,29.7604,-95.3698,Houston
139,140,833968,3,5,3,5,6,4,4,5,4,6,3,6,1,9,43.651,-79.347,Toronto
140,141,527983,2,3,2,5,3,6,5,3,5,6,2,5,4,9,43.651,-79.347,Toronto
141,142,754229,3,2,3,5,2,3,3,2,3,6,3,6,0,6,34.0522,-118.2437,Los Angeles
142,143,775137,6,3,5,4,3,6,5,3,5,4,6,4,2,1,25.7617,-80.1918,Miami
143,144,285190,3,5,3,5,5,4,4,5,4,6,3,5,1,12,39.7392,-104.9903,Denver
144,145,482760,5,3,5,4,2,5,5,3,5,4,5,4,2,7,45.5017,-73.5673,Montreal
145,146,207291,1,3,2,5,3,6,5,3,5,6,1,5,4,12,39.7392,-104.9903,Denver
146,147,169065,3,2,3,5,2,4,4,2,4,6,3,5,0,10,29.7604,-95.3698,Houston
147,148,635604,5,2,5,4,2,5,5,3,5,4,5,4,2,4,47.6062,-122.3321,Seattle
148,149,799801,3,6,3,5,6,4,4,5,4,6,3,6,1,12,39.7392,-104.9903,Denver
149,150,520404,3,2,3,6,2,3,3,2,3,7,3,6,0,7,45.5017,-73.5673,Montreal
150,151,764375,3,2,3,5,1,3,3,2,3,6,3,5,0,9,43.651,-79.347,Toronto
151,152,711390,3,2,3,5,2,3,3,2,3,6,3,5,0,10,29.7604,-95.3698,Houston
152,153,687084,3,2,3,5,2,3,3,2,3,6,3,5,0,6,34.0522,-118.2437,Los Angeles
153,154,176697,6,3,5,4,3,6,5,3,5,4,6,4,2,6,34.0522,-118.2437,Los Angeles
154,155,801538,6,2,5,4,2,6,5,3,5,4,6,4,2,6,34.0522,-118.2437,Los Angeles
155,156,659370,3,2,3,6,2,3,3,2,3,7,3,6,0,11,36.1627,-86.7816,Nashville
156,157,214768,3,5,3,5,6,4,4,5,4,6,3,5,1,10,29.7604,-95.3698,Houston
157,158,222338,3,5,3,6,6,4,4,5,4,7,3,6,1,10,29.7604,-95.3698,Houston
158,159,830570,3,5,3,5,6,4,4,5,4,6,3,5,1,12,39.7392,-104.9903,Denver
159,160,310453,6,3,5,4,3,6,5,3,5,4,6,4,2,5,37.7749,-122.4194,San Francisco
160,161,529140,3,2,3,5,2,4,4,2,4,6,3,5,0,3,40.7128,-74.006,New York
161,162,636148,5,3,5,4,3,5,5,3,5,4,5,4,2,5,37.7749,-122.4194,San Francisco
162,163,768750,5,3,5,4,3,6,5,3,5,4,5,4,2,6,34.0522,-118.2437,Los Angeles
163,164,522972,3,2,3,5,2,3,3,2,3,6,3,6,0,1,25.7617,-80.1918,Miami
164,165,511934,2,3,2,5,3,6,5,3,5,6,2,5,4,10,29.7604,-95.3698,Houston
165,166,458248,3,5,3,5,6,4,4,5,4,6,3,6,1,5,37.7749,-122.4194,San Francisco
166,167,232397,3,2,3,5,2,3,3,2,3,6,3,6,0,12,39.7392,-104.9903,Denver
167,168,256896,6,3,5,4,3,6,5,3,5,4,6,4,2,7,45.5017,-73.5673,Montreal
168,169,665753,2,4,2,5,4,6,6,4,6,6,2,6,4,3,40.7128,-74.006,New York
169,170,756029,6,3,5,4,3,6,6,3,6,4,6,4,2,6,34.0522,-118.2437,Los Angeles
170,171,235212,3,2,3,5,2,4,4,2,4,7,3,6,0,3,40.7128,-74.006,New York
171,172,247308,3,6,3,5,6,4,4,5,4,7,3,6,1,9,43.651,-79.347,Toronto
172,173,406847,1,3,2,5,3,5,5,3,5,6,1,6,4,2,39.2904,-76.6122,Baltimore
173,174,342887,3,6,3,5,6,4,4,6,4,7,3,6,1,6,34.0522,-118.2437,Los Angeles
174,175,165543,6,3,5,4,3,6,5,3,5,4,6,4,2,10,29.7604,-95.3698,Houston
175,176,441258,5,3,5,4,3,6,5,3,5,4,5,4,2,12,39.7392,-104.9903,Denver
176,177,865392,3,6,3,5,6,4,4,5,4,6,3,5,1,9,43.651,-79.347,Toronto
177,178,526832,3,2,3,5,1,3,3,2,3,6,3,6,0,12,39.7392,-104.9903,Denver
178,179,240127,3,2,3,5,2,4,4,2,4,6,3,6,0,5,37.7749,-122.4194,San Francisco
179,180,367854,3,5,3,5,6,4,4,5,4,6,3,5,1,12,39.7392,-104.9903,Denver
180,181,691104,6,3,5,4,2,6,6,3,6,4,6,4,2,3,40.7128,-74.006,New York
181,182,345649,2,6,2,2,6,2,3,5,3,2,2,2,3,4,47.6062,-122.3321,Seattle
182,183,792228,3,5,3,5,5,4,4,5,4,7,3,6,1,7,45.5017,-73.5673,Montreal
183,184,398589,2,3,2,5,3,6,6,3,5,6,2,5,4,6,34.0522,-118.2437,Los Angeles
184,185,547336,3,5,3,5,5,3,4,5,4,6,3,5,1,5,37.7749,-122.4194,San Francisco
185,186,672437,3,5,3,5,6,4,4,5,4,6,3,6,1,10,29.7604,-95.3698,Houston
186,187,407377,3,2,3,5,2,3,3,2,3,7,3,6,0,8,42.3314,-83.0458,Detroit
187,188,539389,3,6,3,5,6,4,4,5,4,6,3,6,1,3,40.7128,-74.006,New York
188,189,418282,3,5,3,5,6,4,4,5,4,6,3,6,1,8,42.3314,-83.0458,Detroit
189,190,752346,6,3,5,4,3,6,6,3,5,4,6,4,2,6,34.0522,-118.2437,Los Angeles
190,191,544129,3,2,3,5,1,4,4,2,4,6,3,6,0,7,45.5017,-73.5673,Montreal
191,192,460113,3,2,3,5,2,3,3,2,3,6,3,5,0,5,37.7749,-122.4194,San Francisco
192,193,871330,6,3,5,4,3,6,5,3,5,4,6,4,2,9,43.651,-79.347,Toronto
193,194,631247,2,3,2,5,3,6,6,3,6,6,2,5,4,9,43.651,-79.347,Toronto
194,195,680789,6,3,5,4,3,6,6,3,5,4,6,4,2,9,43.651,-79.347,Toronto
195,196,406257,6,3,5,4,3,6,6,3,5,4,6,4,2,4,47.6062,-122.3321,Seattle
196,197,829498,3,5,3,5,5,4,4,5,4,6,3,5,1,1,25.7617,-80.1918,Miami
197,198,822124,2,3,2,5,3,6,6,3,6,6,2,6,4,1,25.7617,-80.1918,Miami
198,199,231392,3,2,3,5,2,3,3,2,3,6,3,6,0,1,25.7617,-80.1918,Miami
199,200,694378,3,2,3,5,2,3,3,2,3,6,3,6,0,6,34.0522,-118.2437,Los Angeles
200,201,488311,3,5,3,5,5,4,4,5,4,6,3,5,1,6,34.0522,-118.2437,Los Angeles
201,202,148781,3,2,3,6,2,3,3,2,3,7,3,6,0,4,47.6062,-122.3321,Seattle
202,203,554518,6,3,5,4,3,6,5,3,5,3,6,4,2,5,37.7749,-122.4194,San Francisco
203,204,176754,2,3,2,5,3,6,6,3,5,6,2,6,4,1,25.7617,-80.1918,Miami
204,205,857786,6,3,5,4,3,5,5,3,5,4,6,4,2,7,45.5017,-73.5673,Montreal
205,206,440162,2,4,2,5,4,6,6,4,6,6,2,5,4,9,43.651,-79.347,Toronto
206,207,373205,3,2,3,5,2,3,3,2,3,6,3,5,0,12,39.7392,-104.9903,Denver
207,208,603646,3,2,3,5,2,3,3,2,3,6,3,5,0,4,47.6062,-122.3321,Seattle
208,209,576090,3,5,3,5,5,4,4,5,4,6,3,5,1,2,39.2904,-76.6122,Baltimore
209,210,468671,3,2,3,6,2,3,3,2,3,7,3,6,0,9,43.651,-79.347,Toronto
210,211,780551,2,3,2,5,3,6,6,3,6,6,2,6,4,8,42.3314,-83.0458,Detroit
211,212,623341,2,5,3,2,5,2,2,5,2,2,2,2,3,9,43.651,-79.347,Toronto
212,213,762686,3,6,3,5,6,4,4,5,4,6,3,5,1,2,39.2904,-76.6122,Baltimore
213,214,687813,2,6,2,2,6,2,2,5,3,2,2,2,3,7,45.5017,-73.5673,Montreal
214,215,520404,2,5,3,3,5,2,2,5,2,2,2,3,3,7,45.5017,-73.5673,Montreal
215,216,596081,3,2,3,6,2,4,4,2,4,7,3,6,0,12,39.7392,-104.9903,Denver
216,217,597318,3,2,3,5,1,3,3,2,3,6,3,5,0,7,45.5017,-73.5673,Montreal
217,218,706566,3,6,3,5,6,4,4,5,4,6,3,5,1,10,29.7604,-95.3698,Houston
218,219,688235,3,2,3,5,2,4,4,2,4,6,3,5,0,1,25.7617,-80.1918,Miami
219,220,685350,3,2,3,5,2,3,3,2,3,6,3,5,0,10,29.7604,-95.3698,Houston
220,221,154347,6,3,5,4,3,6,6,3,5,4,6,4,2,4,47.6062,-122.3321,Seattle
221,222,725913,3,2,3,5,1,3,3,2,3,6,3,5,0,3,40.7128,-74.006,New York
222,223,823658,3,2,3,5,2,3,3,2,3,7,3,6,0,11,36.1627,-86.7816,Nashville
223,224,206293,2,3,2,5,3,6,5,3,5,6,2,5,4,5,37.7749,-122.4194,San Francisco
224,225,853162,3,2,3,5,1,3,3,2,3,6,3,5,0,5,37.7749,-122.4194,San Francisco
225,226,204746,3,1,3,5,1,4,4,2,4,6,3,6,0,2,39.2904,-76.6122,Baltimore
226,227,670268,1,3,2,5,3,6,6,3,5,6,1,5,4,4,47.6062,-122.3321,Seattle
227,228,190617,2,3,2,5,3,5,5,3,5,6,2,6,4,5,37.7749,-122.4194,San Francisco
228,229,463770,3,6,3,5,6,4,4,6,4,6,3,5,1,12,39.7392,-104.9903,Denver
229,230,478163,3,2,3,6,2,4,4,2,4,7,3,6,0,3,40.7128,-74.006,New York
230,231,792228,2,6,3,3,6,2,3,5,3,2,2,2,3,7,45.5017,-73.5673,Montreal
231,232,857612,3,2,3,5,1,4,4,2,4,6,3,5,0,12,39.7392,-104.9903,Denver
232,233,136498,3,6,3,5,6,4,4,5,4,6,3,5,1,10,29.7604,-95.3698,Houston
233,234,679187,3,5,3,6,5,4,4,5,4,7,3,6,1,9,43.651,-79.347,Toronto
234,235,497704,1,4,2,5,4,5,5,4,5,6,1,6,4,11,36.1627,-86.7816,Nashville
235,236,749193,3,6,3,5,6,4,4,6,4,6,3,5,1,6,34.0522,-118.2437,Los Angeles
236,237,217170,2,3,2,5,3,6,5,3,5,6,2,5,4,12,39.7392,-104.9903,Denver
237,238,309412,5,3,5,4,3,6,6,3,5,4,5,4,2,4,47.6062,-122.3321,Seattle
238,239,789783,3,5,3,5,6,4,4,5,4,6,3,6,1,12,39.7392,-104.9903,Denver
239,240,655121,3,5,3,5,6,4,4,5,4,6,3,5,1,4,47.6062,-122.3321,Seattle
240,241,190617,2,4,2,5,4,6,6,4,5,6,2,6,4,5,37.7749,-122.4194,San Francisco
241,242,545597,3,5,3,5,6,4,4,5,4,6,3,6,1,10,29.7604,-95.3698,Houston
242,243,646722,3,2,3,5,2,3,3,2,3,6,3,6,0,1,25.7617,-80.1918,Miami
243,244,461692,3,5,3,5,5,4,4,5,4,6,3,5,1,12,39.7392,-104.9903,Denver
244,245,552335,3,6,3,2,6,2,2,5,2,2,3,2,3,12,39.7392,-104.9903,Denver
245,246,842583,3,2,3,5,1,3,3,2,3,6,3,5,0,3,40.7128,-74.006,New York
246,247,806747,1,4,2,5,4,5,5,4,5,6,1,6,4,5,37.7749,-122.4194,San Francisco
247,248,543480,6,3,5,4,3,6,6,3,6,4,6,4,2,5,37.7749,-122.4194,San Francisco
248,249,523286,3,5,3,5,6,4,4,5,4,6,3,6,1,6,34.0522,-118.2437,Los Angeles
249,250,557706,2,6,3,2,6,2,2,5,2,2,2,2,3,1,25.7617,-80.1918,Miami
250,251,404185,6,3,5,3,3,6,5,3,5,3,6,3,2,2,39.2904,-76.6122,Baltimore
251,252,521649,3,2,3,5,2,3,3,2,3,6,3,6,0,5,37.7749,-122.4194,San Francisco
252,253,468709,2,6,2,2,6,2,2,5,2,1,2,2,3,8,42.3314,-83.0458,Detroit
253,254,839454,3,5,3,5,6,4,4,5,4,6,3,5,1,1,25.7617,-80.1918,Miami
254,255,158108,2,4,2,5,4,6,5,4,5,6,2,5,4,8,42.3314,-83.0458,Detroit
255,256,358486,3,5,3,5,6,4,4,5,4,6,3,6,1,5,37.7749,-122.4194,San Francisco
256,257,527442,3,2,3,5,2,3,3,2,3,6,3,6,0,2,39.2904,-76.6122,Baltimore
257,258,389406,2,6,3,3,6,2,2,5,3,2,2,2,3,9,43.651,-79.347,Toronto
258,259,628578,3,2,3,5,1,3,3,2,3,6,3,6,0,5,37.7749,-122.4194,San Francisco
259,260,387888,6,3,5,4,3,6,5,3,5,4,6,4,2,5,37.7749,-122.4194,San Francisco
260,261,334310,2,5,3,2,6,2,2,5,2,1,2,2,3,9,43.651,-79.347,Toronto
261,262,377138,2,6,2,3,6,2,2,5,2,2,2,3,3,4,47.6062,-122.3321,Seattle
262,263,501870,6,3,5,4,2,6,5,3,5,4,6,4,2,7,45.5017,-73.5673,Montreal
263,264,554673,2,3,2,5,3,6,6,3,5,6,2,6,4,3,40.7128,-74.006,New York
264,265,758860,3,2,3,6,2,3,3,2,3,7,3,6,0,4,47.6062,-122.3321,Seattle
265,266,590534,3,2,3,5,2,3,3,2,3,6,3,6,0,6,34.0522,-118.2437,Los Angeles
266,267,843743,3,2,3,5,1,3,3,2,3,6,3,5,0,12,39.7392,-104.9903,Denver
267,268,498362,3,2,3,5,2,3,3,2,3,6,3,6,0,3,40.7128,-74.006,New York
268,269,828378,3,6,3,5,6,4,4,5,4,6,3,5,1,4,47.6062,-122.3321,Seattle
269,270,850927,5,3,5,4,3,6,5,3,5,4,5,4,2,6,34.0522,-118.2437,Los Angeles
270,271,240921,2,4,2,5,4,5,5,4,5,6,2,5,4,6,34.0522,-118.2437,Los Angeles
271,272,739404,3,2,3,5,2,3,3,2,3,6,3,5,0,3,40.7128,-74.006,New York
272,273,372106,2,5,3,3,6,3,3,5,3,2,2,3,3,6,34.0522,-118.2437,Los Angeles
273,274,553027,2,6,2,3,6,2,2,5,2,2,2,2,3,8,42.3314,-83.0458,Detroit
274,275,815999,3,2,3,5,2,3,3,2,3,6,3,6,0,12,39.7392,-104.9903,Denver
275,276,443793,3,5,3,5,6,4,4,5,4,6,3,5,1,8,42.3314,-83.0458,Detroit
276,277,513519,3,2,3,5,2,3,3,2,3,6,3,5,0,11,36.1627,-86.7816,Nashville
277,278,570778,6,3,5,4,2,6,6,3,6,4,6,4,2,3,40.7128,-74.006,New York
278,279,839814,3,2,3,5,2,4,4,2,4,6,3,5,0,1,25.7617,-80.1918,Miami
279,280,677163,6,3,5,4,2,6,6,3,5,4,6,4,2,6,34.0522,-118.2437,Los Angeles
280,281,311725,3,2,3,5,1,3,3,2,3,6,3,6,0,8,42.3314,-83.0458,Detroit
281,282,226740,5,3,5,4,3,6,5,3,5,4,5,4,2,7,45.5017,-73.5673,Montreal
282,283,310628,3,2,3,5,2,3,3,2,3,6,3,5,0,5,37.7749,-122.4194,San Francisco
283,284,610480,3,2,3,5,2,3,3,2,3,6,3,5,0,5,37.7749,-122.4194,San Francisco
284,285,353828,3,2,3,5,2,3,3,2,3,6,3,6,0,5,37.7749,-122.4194,San Francisco
285,286,159885,2,3,2,5,3,5,5,3,5,6,2,5,4,11,36.1627,-86.7816,Nashville
286,287,313691,3,2,3,5,2,3,3,2,3,6,3,5,0,10,29.7604,-95.3698,Houston
287,288,679938,2,6,3,2,6,2,2,6,2,2,2,2,3,8,42.3314,-83.0458,Detroit
288,289,446216,3,6,3,5,6,4,4,6,4,6,3,5,1,7,45.5017,-73.5673,Montreal
289,290,417546,6,3,5,4,2,5,5,3,5,4,6,4,2,4,47.6062,-122.3321,Seattle
290,291,590341,2,6,3,3,6,2,2,5,2,2,2,3,3,6,34.0522,-118.2437,Los Angeles
291,292,375624,2,3,2,5,3,6,6,3,5,6,2,5,4,7,45.5017,-73.5673,Montreal
292,293,148603,3,2,3,5,2,3,3,2,3,7,3,6,0,12,39.7392,-104.9903,Denver
293,294,668537,3,1,3,5,1,3,3,2,3,6,3,5,0,3,40.7128,-74.006,New York
294,295,845561,3,2,3,5,1,3,3,2,3,6,3,5,0,12,39.7392,-104.9903,Denver
295,296,340504,2,6,2,3,6,2,3,5,3,2,2,3,3,9,43.651,-79.347,Toronto
296,297,413022,6,3,5,4,3,6,6,3,6,4,6,4,2,4,47.6062,-122.3321,Seattle
297,298,426284,3,5,3,5,6,4,4,5,4,6,3,5,1,2,39.2904,-76.6122,Baltimore
298,299,620391,3,5,3,5,6,4,4,5,4,7,3,6,1,1,25.7617,-80.1918,Miami
299,300,265606,6,3,5,3,3,6,5,3,5,3,6,3,2,4,47.6062,-122.3321,Seattle
300,301,195752,2,3,2,5,3,5,5,3,5,6,2,5,4,3,40.7128,-74.006,New York
301,302,408306,3,5,3,5,5,4,4,5,4,6,3,5,1,4,47.6062,-122.3321,Seattle
302,303,731551,1,3,2,5,3,5,5,3,5,6,1,6,4,10,29.7604,-95.3698,Houston
303,304,643638,4,2,4,5,2,3,3,2,3,6,4,5,0,5,37.7749,-122.4194,San Francisco
304,305,466388,3,5,3,5,5,4,4,5,4,6,3,6,1,3,40.7128,-74.006,New York
305,306,385989,3,5,3,5,5,4,4,5,4,6,3,5,1,2,39.2904,-76.6122,Baltimore
306,307,372233,6,3,5,4,2,6,6,3,6,4,6,4,2,4,47.6062,-122.3321,Seattle
307,308,435452,3,2,3,5,2,4,4,2,4,6,3,5,0,4,47.6062,-122.3321,Seattle
308,309,533203,3,2,3,5,2,3,3,2,4,6,3,5,0,7,45.5017,-73.5673,Montreal
309,310,744836,3,6,3,5,6,4,4,5,4,6,3,5,1,2,39.2904,-76.6122,Baltimore
310,311,744860,3,2,3,5,2,3,3,2,3,6,3,6,0,1,25.7617,-80.1918,Miami
311,312,211763,1,4,2,5,3,6,5,4,5,6,1,5,4,5,37.7749,-122.4194,San Francisco
312,313,206503,2,5,2,3,5,2,2,5,2,2,2,3,3,9,43.651,-79.347,Toronto
313,314,355163,3,5,3,3,6,2,2,5,2,2,3,2,3,12,39.7392,-104.9903,Denver
314,315,351415,6,3,5,3,3,6,6,3,6,3,6,3,2,1,25.7617,-80.1918,Miami
315,316,700199,3,1,3,5,1,3,3,2,3,6,3,6,0,10,29.7604,-95.3698,Houston
316,317,369255,2,5,3,2,6,2,2,5,2,2,2,2,3,1,25.7617,-80.1918,Miami
317,318,323748,2,5,3,2,6,2,2,5,2,2,2,2,3,1,25.7617,-80.1918,Miami
318,319,414638,2,6,3,3,6,2,2,5,2,2,2,2,3,8,42.3314,-83.0458,Detroit
319,320,130582,3,2,3,5,2,3,3,2,3,6,3,5,0,5,37.7749,-122.4194,San Francisco
320,321,498742,5,3,5,4,3,6,6,3,6,4,5,4,2,6,34.0522,-118.2437,Los Angeles
321,322,402418,3,2,3,5,2,3,3,2,3,7,3,6,0,5,37.7749,-122.4194,San Francisco
322,323,310453,3,2,3,5,2,3,3,2,3,6,3,6,0,5,37.7749,-122.4194,San Francisco
323,324,735145,2,5,2,2,6,3,3,5,3,2,2,2,3,2,39.2904,-76.6122,Baltimore
324,325,814999,3,5,3,5,5,4,4,5,4,6,3,5,1,6,34.0522,-118.2437,Los Angeles
325,326,641120,2,4,2,5,4,6,6,4,6,6,2,5,4,6,34.0522,-118.2437,Los Angeles
326,327,472018,3,2,3,5,2,3,3,2,3,6,3,6,0,7,45.5017,-73.5673,Montreal
327,328,333545,6,3,5,4,2,6,6,3,6,4,6,4,2,3,40.7128,-74.006,New York
328,329,747239,3,5,3,5,5,4,4,5,4,7,3,6,1,7,45.5017,-73.5673,Montreal
329,330,329011,3,6,3,6,6,4,4,5,4,7,3,6,1,8,42.3314,-83.0458,Detroit
330,331,543941,2,6,2,3,6,3,3,5,3,2,2,3,3,10,29.7604,-95.3698,Houston
331,332,532721,3,5,3,5,6,4,4,5,4,7,3,6,1,10,29.7604,-95.3698,Houston
332,333,828800,3,2,3,5,2,3,3,2,3,6,3,6,0,1,25.7617,-80.1918,Miami
333,334,778776,6,2,5,4,2,6,6,3,5,4,6,4,2,9,43.651,-79.347,Toronto
334,335,622039,2,3,2,5,3,5,5,3,5,6,2,5,4,6,34.0522,-118.2437,Los Angeles
335,336,544116,3,2,3,5,1,4,4,2,4,6,3,5,0,4,47.6062,-122.3321,Seattle
336,337,132737,6,3,5,4,3,6,5,3,5,4,6,4,2,5,37.7749,-122.4194,San Francisco
337,338,292614,3,1,3,5,1,4,4,2,4,6,3,5,0,12,39.7392,-104.9903,Denver
338,339,872264,6,3,5,4,3,5,5,3,5,4,6,4,2,6,34.0522,-118.2437,Los Angeles
339,340,616756,3,2,3,5,2,4,4,2,4,6,3,5,0,3,40.7128,-74.006,New York
340,341,254903,2,3,2,5,3,6,6,3,5,6,2,5,4,2,39.2904,-76.6122,Baltimore
341,342,291863,6,2,5,4,2,6,6,3,5,4,6,4,2,4,47.6062,-122.3321,Seattle
342,343,772973,3,2,3,5,2,3,3,2,3,6,3,5,0,7,45.5017,-73.5673,Montreal
343,344,505415,3,2,3,5,1,3,3,2,3,6,3,5,0,4,47.6062,-122.3321,Seattle
344,345,605838,6,3,5,3,3,6,5,3,5,3,6,3,2,5,37.7749,-122.4194,San Francisco
345,346,482237,3,5,3,5,6,4,4,5,4,6,3,6,1,4,47.6062,-122.3321,Seattle
346,347,138754,3,6,3,5,6,4,4,5,4,6,3,5,1,7,45.5017,-73.5673,Montreal
347,348,213128,3,5,3,5,6,4,4,5,4,6,3,5,1,11,36.1627,-86.7816,Nashville
348,349,230136,3,2,3,5,2,3,3,2,3,6,3,5,0,10,29.7604,-95.3698,Houston
349,350,561477,3,2,3,5,1,4,4,2,4,6,3,5,0,10,29.7604,-95.3698,Houston
350,351,661068,3,6,3,5,6,4,4,5,4,6,3,6,1,7,45.5017,-73.5673,Montreal
351,352,498493,2,3,2,5,3,5,5,3,5,6,2,5,4,6,34.0522,-118.2437,Los Angeles
352,353,748618,2,3,2,5,3,6,5,3,5,6,2,5,4,6,34.0522,-118.2437,Los Angeles
353,354,469214,2,5,2,2,6,2,2,5,2,2,2,2,3,2,39.2904,-76.6122,Baltimore
354,355,132967,3,6,3,6,6,4,4,5,4,7,3,6,1,5,37.7749,-122.4194,San Francisco
355,356,818584,2,6,3,3,6,2,2,5,2,3,2,3,3,7,45.5017,-73.5673,Montreal
356,357,469176,6,3,5,3,3,6,6,3,6,3,6,3,2,5,37.7749,-122.4194,San Francisco
357,358,863572,2,3,2,5,3,6,6,3,5,6,2,5,4,1,25.7617,-80.1918,Miami
358,359,315050,6,3,5,4,3,6,5,3,5,4,6,4,2,2,39.2904,-76.6122,Baltimore
359,360,490083,6,3,5,4,3,6,6,3,5,4,6,4,2,5,37.7749,-122.4194,San Francisco
360,361,536263,3,2,3,5,1,3,3,2,3,6,3,6,0,12,39.7392,-104.9903,Denver
361,362,643159,6,3,5,4,3,6,6,3,5,3,6,4,2,4,47.6062,-122.3321,Seattle
362,363,438379,3,6,3,5,6,4,4,6,4,6,3,5,1,10,29.7604,-95.3698,Houston
363,364,364075,3,2,3,6,2,3,3,2,3,7,3,6,0,7,45.5017,-73.5673,Montreal
364,365,684076,3,2,3,5,2,3,3,2,3,6,3,5,0,1,25.7617,-80.1918,Miami
365,366,595352,3,6,3,5,6,4,4,5,4,6,3,6,1,2,39.2904,-76.6122,Baltimore
366,367,651042,3,6,3,5,6,4,4,5,4,6,3,6,1,1,25.7617,-80.1918,Miami
367,368,655821,2,3,2,5,3,6,6,3,5,6,2,5,4,1,25.7617,-80.1918,Miami
368,369,330551,3,2,3,5,2,3,3,2,3,6,3,5,0,5,37.7749,-122.4194,San Francisco
369,370,706069,3,6,3,5,6,4,4,5,4,6,3,6,1,11,36.1627,-86.7816,Nashville
370,371,464847,3,2,3,5,2,3,3,2,3,6,3,5,0,8,42.3314,-83.0458,Detroit
371,372,675357,3,5,3,5,5,4,4,5,4,6,3,6,1,10,29.7604,-95.3698,Houston
372,373,769061,2,5,2,2,6,2,2,5,2,2,2,2,3,8,42.3314,-83.0458,Detroit
373,374,568014,2,6,3,3,6,2,3,5,3,2,2,3,3,8,42.3314,-83.0458,Detroit
374,375,553673,3,5,3,5,6,4,4,5,4,6,3,5,1,11,36.1627,-86.7816,Nashville
375,376,753549,3,2,3,5,2,3,3,2,3,6,3,5,0,11,36.1627,-86.7816,Nashville
376,377,514235,3,6,3,5,6,4,4,5,4,6,3,5,1,3,40.7128,-74.006,New York
377,378,478680,3,2,3,5,2,4,4,2,4,6,3,6,0,10,29.7604,-95.3698,Houston
378,379,380258,5,2,5,3,2,5,5,3,5,3,5,3,2,10,29.7604,-95.3698,Houston
379,380,491158,6,3,5,4,3,6,6,3,5,4,6,4,2,9,43.651,-79.347,Toronto
380,381,319050,2,6,2,2,6,3,3,5,3,2,2,2,3,9,43.651,-79.347,Toronto
381,382,752685,2,3,2,5,3,6,6,3,5,6,2,5,4,12,39.7392,-104.9903,Denver
382,383,686965,3,2,3,5,2,3,3,2,3,6,3,5,0,4,47.6062,-122.3321,Seattle
383,384,655986,3,6,3,5,6,4,4,5,4,6,3,5,1,12,39.7392,-104.9903,Denver
384,385,461692,2,6,2,2,6,2,2,5,2,2,2,2,3,12,39.7392,-104.9903,Denver
385,386,563326,1,3,2,5,3,5,5,3,5,6,1,6,4,4,47.6062,-122.3321,Seattle
386,387,677025,3,2,3,5,2,4,4,2,4,6,3,5,0,5,37.7749,-122.4194,San Francisco
387,388,615886,1,3,2,5,3,6,6,3,6,6,1,5,4,11,36.1627,-86.7816,Nashville
388,389,433336,5,3,5,3,3,6,5,3,5,3,5,3,2,8,42.3314,-83.0458,Detroit
389,390,294232,2,3,2,5,3,6,6,3,6,6,2,5,4,4,47.6062,-122.3321,Seattle
390,391,207164,3,6,3,6,6,4,4,5,4,7,3,6,1,10,29.7604,-95.3698,Houston
391,392,475767,1,3,2,5,3,6,6,3,5,7,1,6,4,3,40.7128,-74.006,New York
392,393,725526,2,5,2,2,6,2,3,5,3,2,2,2,3,2,39.2904,-76.6122,Baltimore
393,394,330571,3,6,3,6,6,4,4,5,4,7,3,6,1,3,40.7128,-74.006,New York
394,395,457389,2,3,2,5,3,6,5,3,5,7,2,6,4,11,36.1627,-86.7816,Nashville
395,396,489201,3,6,3,5,6,4,4,5,4,6,3,6,1,11,36.1627,-86.7816,Nashville
396,397,539389,2,3,2,5,3,6,5,3,5,6,2,6,4,3,40.7128,-74.006,New York
397,398,661628,3,5,3,5,5,4,4,5,4,6,3,6,1,10,29.7604,-95.3698,Houston
398,399,522693,3,2,3,5,1,3,3,2,3,6,3,5,0,1,25.7617,-80.1918,Miami
399,400,184475,2,3,2,5,3,5,5,3,5,6,2,5,4,5,37.7749,-122.4194,San Francisco
400,401,213916,3,5,3,5,5,4,4,5,4,6,3,5,1,7,45.5017,-73.5673,Montreal
401,402,473962,3,2,3,5,1,3,3,2,3,6,3,5,0,12,39.7392,-104.9903,Denver
402,403,473060,3,6,3,5,6,4,4,6,4,6,3,5,1,4,47.6062,-122.3321,Seattle
403,404,368615,3,6,3,5,6,4,4,5,4,7,3,6,1,1,25.7617,-80.1918,Miami
404,405,404349,3,2,3,6,2,3,3,2,4,7,3,6,0,3,40.7128,-74.006,New York
405,406,512208,3,2,3,5,2,3,3,2,3,6,3,5,0,1,25.7617,-80.1918,Miami
406,407,185990,3,5,3,5,6,4,4,5,4,6,3,5,1,10,29.7604,-95.3698,Houston
407,408,455250,3,2,3,5,2,3,3,2,3,6,3,6,0,5,37.7749,-122.4194,San Francisco
408,409,668099,3,2,3,5,2,3,3,2,3,6,3,5,0,7,45.5017,-73.5673,Montreal
409,410,661564,3,5,3,5,5,4,4,5,4,6,3,5,1,7,45.5017,-73.5673,Montreal
410,411,170046,2,4,2,5,4,6,6,4,5,6,2,5,4,7,45.5017,-73.5673,Montreal
411,412,492273,6,3,5,3,2,5,5,3,5,3,6,3,2,5,37.7749,-122.4194,San Francisco
412,413,849202,3,2,3,5,2,3,3,2,3,6,3,5,0,7,45.5017,-73.5673,Montreal
413,414,679187,3,5,3,5,5,4,4,5,4,6,3,5,1,9,43.651,-79.347,Toronto
414,415,429127,3,6,3,5,6,4,4,5,4,6,3,5,1,5,37.7749,-122.4194,San Francisco
415,416,582036,3,1,3,5,1,3,3,2,3,6,3,5,0,10,29.7604,-95.3698,Houston
416,417,836040,3,2,3,5,2,3,3,2,3,6,3,5,0,10,29.7604,-95.3698,Houston
417,418,850390,3,2,3,5,2,3,3,2,3,6,3,5,0,3,40.7128,-74.006,New York
418,419,170287,3,2,3,5,2,3,3,2,3,6,3,5,0,7,45.5017,-73.5673,Montreal
419,420,821545,6,3,5,4,2,6,6,3,5,3,6,4,2,5,37.7749,-122.4194,San Francisco
420,421,304632,3,5,3,5,5,4,4,5,4,6,3,6,1,7,45.5017,-73.5673,Montreal
421,422,292037,3,2,3,5,2,3,3,2,3,6,3,5,0,1,25.7617,-80.1918,Miami
422,423,262502,3,5,3,5,6,4,4,5,4,6,3,5,1,11,36.1627,-86.7816,Nashville
423,424,289628,3,2,3,5,1,3,3,2,3,6,3,5,0,11,36.1627,-86.7816,Nashville
424,425,514540,2,2,3,5,2,3,3,2,3,6,2,5,0,9,43.651,-79.347,Toronto
425,426,183794,2,5,3,3,5,2,2,5,2,2,2,2,3,9,43.651,-79.347,Toronto
426,427,519258,3,1,3,6,1,3,3,2,3,7,3,6,0,4,47.6062,-122.3321,Seattle
427,428,319352,3,2,3,5,2,3,3,2,3,6,3,5,0,4,47.6062,-122.3321,Seattle
428,429,859377,3,6,3,5,6,4,4,5,4,6,3,5,1,10,29.7604,-95.3698,Houston
429,430,518805,6,3,5,4,3,6,5,3,5,4,6,4,2,11,36.1627,-86.7816,Nashville
430,431,357582,3,2,3,5,2,4,4,2,4,6,3,5,0,5,37.7749,-122.4194,San Francisco
431,432,701567,3,2,3,5,2,3,3,2,3,6,3,5,0,8,42.3314,-83.0458,Detroit
432,433,469157,3,5,3,5,6,4,4,5,4,6,3,5,1,9,43.651,-79.347,Toronto
433,434,569587,6,3,5,3,3,6,6,3,5,3,6,3,2,8,42.3314,-83.0458,Detroit
434,435,372233,3,6,3,5,6,4,4,5,4,6,3,6,1,4,47.6062,-122.3321,Seattle
435,436,660445,3,6,3,6,6,4,4,5,4,7,3,6,1,7,45.5017,-73.5673,Montreal
436,437,665002,3,5,3,6,6,4,4,5,4,7,3,6,1,9,43.651,-79.347,Toronto
437,438,486478,3,6,3,5,6,4,4,5,4,6,3,5,1,9,43.651,-79.347,Toronto
438,439,567306,3,2,3,5,2,3,3,2,3,6,3,5,0,5,37.7749,-122.4194,San Francisco
439,440,160665,3,5,3,3,6,3,3,5,3,2,3,3,3,1,25.7617,-80.1918,Miami
440,441,783930,3,5,3,5,6,4,4,5,4,6,3,5,1,6,34.0522,-118.2437,Los Angeles
441,442,793203,5,3,5,4,3,5,5,3,5,4,5,4,2,2,39.2904,-76.6122,Baltimore
442,443,413886,3,6,3,5,6,4,4,5,4,6,3,5,1,6,34.0522,-118.2437,Los Angeles
443,444,214767,3,2,3,5,1,3,3,2,3,6,3,6,0,7,45.5017,-73.5673,Montreal
444,445,674076,3,6,3,5,6,4,4,5,4,6,3,5,1,12,39.7392,-104.9903,Denver
445,446,292717,2,5,3,3,5,2,3,5,3,2,2,3,3,1,25.7617,-80.1918,Miami
446,447,747239,3,2,3,5,2,3,3,2,3,6,3,5,0,7,45.5017,-73.5673,Montreal
447,448,855555,3,5,3,5,6,4,4,5,4,6,3,5,1,5,37.7749,-122.4194,San Francisco
448,449,134255,3,2,3,5,1,3,3,2,3,6,3,5,0,5,37.7749,-122.4194,San Francisco
449,450,626703,3,6,3,2,6,3,3,6,3,2,3,2,3,9,43.651,-79.347,Toronto
450,451,268546,3,6,3,5,6,4,4,5,4,6,3,5,1,2,39.2904,-76.6122,Baltimore
451,452,360563,3,5,3,5,5,4,4,5,4,6,3,6,1,10,29.7604,-95.3698,Houston
452,453,744066,3,2,3,5,2,4,4,2,4,6,3,5,0,9,43.651,-79.347,Toronto
453,454,306966,6,3,5,4,3,6,5,3,5,4,6,4,2,5,37.7749,-122.4194,San Francisco
454,455,727952,3,2,3,5,2,3,3,2,3,6,3,5,0,7,45.5017,-73.5673,Montreal
455,456,503262,3,2,3,5,2,3,3,2,3,6,3,6,0,4,47.6062,-122.3321,Seattle
456,457,710835,1,4,2,5,4,6,5,4,5,6,1,5,4,5,37.7749,-122.4194,San Francisco
457,458,568014,3,5,3,5,6,4,4,5,4,6,3,5,1,8,42.3314,-83.0458,Detroit
458,459,795125,2,3,2,5,3,5,5,3,5,6,2,5,4,9,43.651,-79.347,Toronto
459,460,231920,3,2,3,5,2,3,3,2,3,6,3,5,0,4,47.6062,-122.3321,Seattle
460,461,529140,3,2,3,5,2,3,3,2,3,6,3,6,0,3,40.7128,-74.006,New York
461,462,472933,2,6,2,3,6,2,2,5,2,2,2,3,3,12,39.7392,-104.9903,Denver
462,463,159713,3,2,3,5,2,4,4,2,4,7,3,6,0,3,40.7128,-74.006,New York
463,464,295115,3,5,3,5,5,4,4,5,4,6,3,5,1,5,37.7749,-122.4194,San Francisco
464,465,867792,6,3,5,4,3,6,6,3,6,4,6,4,2,4,47.6062,-122.3321,Seattle
465,466,348673,3,2,3,5,2,4,4,2,4,6,3,6,0,1,25.7617,-80.1918,Miami
466,467,339579,2,3,2,5,3,6,6,3,5,6,2,6,4,9,43.651,-79.347,Toronto
467,468,659370,3,2,3,5,2,3,3,2,3,6,3,6,0,11,36.1627,-86.7816,Nashville
468,469,545162,3,1,3,6,1,3,3,2,3,7,3,6,0,2,39.2904,-76.6122,Baltimore
469,470,649110,2,5,3,2,5,2,2,5,2,2,2,2,3,1,25.7617,-80.1918,Miami
470,471,854695,2,5,3,3,5,2,2,5,2,2,2,2,3,8,42.3314,-83.0458,Detroit
471,472,798610,3,5,3,5,6,4,4,5,4,6,3,5,1,12,39.7392,-104.9903,Denver
472,473,499931,3,5,3,3,6,2,2,5,2,2,3,3,3,10,29.7604,-95.3698,Houston
473,474,350493,3,6,3,5,6,4,4,5,4,6,3,5,1,10,29.7604,-95.3698,Houston
474,475,453122,2,4,2,5,4,6,6,4,6,6,2,5,4,2,39.2904,-76.6122,Baltimore
475,476,312018,3,2,3,5,2,4,4,2,4,6,3,5,0,5,37.7749,-122.4194,San Francisco
476,477,465739,3,6,3,5,6,4,4,6,4,6,3,5,1,3,40.7128,-74.006,New York
477,478,754350,3,6,3,5,6,4,4,5,4,6,3,5,1,6,34.0522,-118.2437,Los Angeles
478,479,801538,1,3,2,5,3,6,5,3,5,6,1,5,4,6,34.0522,-118.2437,Los Angeles
479,480,159171,6,3,5,3,3,6,6,3,5,3,6,3,2,9,43.651,-79.347,Toronto
480,481,653599,3,2,3,5,2,3,3,2,3,6,3,5,0,5,37.7749,-122.4194,San Francisco
481,482,245090,2,3,2,6,3,6,6,3,6,7,2,6,4,8,42.3314,-83.0458,Detroit
482,483,322834,3,2,3,5,1,4,4,2,4,6,3,5,0,3,40.7128,-74.006,New York
483,484,825604,3,2,3,5,2,3,3,2,3,6,3,5,0,3,40.7128,-74.006,New York
484,485,218767,6,3,5,3,3,6,6,3,5,3,6,3,2,3,40.7128,-74.006,New York
485,486,803728,6,3,6,4,3,6,6,3,5,4,6,4,2,5,37.7749,-122.4194,San Francisco
486,487,185716,6,3,5,4,3,6,5,3,5,4,6,4,2,2,39.2904,-76.6122,Baltimore
487,488,179196,3,2,3,5,2,3,3,2,3,6,3,5,0,4,47.6062,-122.3321,Seattle
488,489,397888,3,2,3,5,2,4,4,2,4,7,3,6,0,8,42.3314,-83.0458,Detroit
489,490,861169,2,6,2,3,6,2,2,5,2,2,2,2,3,8,42.3314,-83.0458,Detroit
490,491,214965,2,3,2,5,3,6,5,3,5,6,2,6,4,3,40.7128,-74.006,New York
491,492,160170,3,2,3,5,2,3,3,2,3,6,3,5,0,9,43.651,-79.347,Toronto
492,493,498685,3,2,3,5,1,3,3,2,3,6,3,5,0,3,40.7128,-74.006,New York
493,494,803728,3,2,3,5,2,3,3,2,3,6,3,5,0,5,37.7749,-122.4194,San Francisco
494,495,443018,3,2,3,5,2,3,3,2,3,6,3,5,0,9,43.651,-79.347,Toronto
495,496,849001,3,5,3,5,6,4,4,5,4,6,3,5,1,10,29.7604,-95.3698,Houston
496,497,838082,3,2,3,5,2,3,3,2,3,6,3,5,0,3,40.7128,-74.006,New York
497,498,387868,3,2,3,5,2,3,3,2,3,6,3,5,0,4,47.6062,-122.3321,Seattle
498,499,417550,6,3,5,4,3,6,5,3,5,4,6,4,2,7,45.5017,-73.5673,Montreal
499,500,767079,6,3,5,4,2,5,5,3,5,4,6,4,2,1,25.7617,-80.1918,Miami
500,501,605346,6,2,6,4,2,6,6,3,6,4,6,4,2,7,45.5017,-73.5673,Montreal
501,502,644969,3,2,3,5,2,3,3,2,3,6,3,5,0,4,47.6062,-122.3321,Seattle
502,503,697089,5,3,5,4,2,6,6,3,6,4,5,4,2,5,37.7749,-122.4194,San Francisco
503,504,474323,1,3,2,5,3,6,5,3,5,6,1,6,4,4,47.6062,-122.3321,Seattle
504,505,639860,3,5,3,5,5,4,4,5,4,6,3,5,1,11,36.1627,-86.7816,Nashville
505,506,533203,2,5,2,3,5,2,3,5,3,2,2,3,3,7,45.5017,-73.5673,Montreal
506,507,502460,3,6,3,5,6,4,4,5,4,6,3,5,1,12,39.7392,-104.9903,Denver
507,508,387522,3,2,3,5,2,3,3,2,3,6,3,5,0,11,36.1627,-86.7816,Nashville
508,509,621794,3,2,3,5,2,3,3,2,3,6,3,5,0,1,25.7617,-80.1918,Miami
509,510,845894,3,2,3,5,1,3,3,2,3,6,3,6,0,9,43.651,-79.347,Toronto
510,511,455722,3,2,3,5,2,4,4,2,4,6,3,5,0,12,39.7392,-104.9903,Denver
511,512,216627,3,2,3,5,1,3,3,2,4,6,3,5,0,11,36.1627,-86.7816,Nashville
512,513,552771,3,5,3,5,6,4,4,5,4,7,3,6,1,11,36.1627,-86.7816,Nashville
513,514,806076,1,3,2,5,3,6,6,3,5,6,1,5,4,11,36.1627,-86.7816,Nashville
514,515,568014,3,2,3,5,2,4,4,2,4,6,3,5,0,8,42.3314,-83.0458,Detroit
515,516,639504,3,2,3,5,1,3,3,2,3,6,3,5,0,7,45.5017,-73.5673,Montreal
516,517,629701,3,5,3,5,6,4,4,5,4,6,3,5,1,11,36.1627,-86.7816,Nashville
517,518,773877,3,5,3,5,5,4,4,5,4,6,3,6,1,2,39.2904,-76.6122,Baltimore
518,519,401202,3,2,3,5,2,3,3,2,3,6,3,5,0,4,47.6062,-122.3321,Seattle
519,520,290800,3,5,3,3,6,2,2,5,3,2,3,2,3,1,25.7617,-80.1918,Miami
520,521,411704,3,2,3,5,1,3,3,2,3,6,3,5,0,5,37.7749,-122.4194,San Francisco
521,522,184295,3,6,3,3,6,2,2,5,2,2,3,3,3,6,34.0522,-118.2437,Los Angeles
522,523,665633,3,6,3,5,6,4,4,5,4,6,3,5,1,3,40.7128,-74.006,New York
523,524,311629,6,3,5,4,3,5,5,3,5,4,6,4,2,6,34.0522,-118.2437,Los Angeles
524,525,337652,6,2,5,4,2,6,6,2,6,3,6,4,2,5,37.7749,-122.4194,San Francisco
525,526,413886,3,2,3,5,2,3,3,2,3,6,3,6,0,6,34.0522,-118.2437,Los Angeles
526,527,568743,2,3,2,5,3,6,6,3,6,6,2,5,4,12,39.7392,-104.9903,Denver
527,528,776885,3,5,3,5,6,4,4,5,4,6,3,6,1,9,43.651,-79.347,Toronto
528,529,537024,3,2,3,5,2,3,3,2,3,6,3,5,0,10,29.7604,-95.3698,Houston
529,530,544695,2,4,2,5,3,6,6,4,6,6,2,5,4,6,34.0522,-118.2437,Los Angeles
530,531,666098,3,2,3,5,2,3,3,2,3,6,3,5,0,6,34.0522,-118.2437,Los Angeles
531,532,245090,3,5,3,5,6,4,4,5,4,6,3,6,1,8,42.3314,-83.0458,Detroit
532,533,871041,3,5,3,5,5,4,4,5,4,6,3,6,1,6,34.0522,-118.2437,Los Angeles
533,534,267690,3,6,3,3,6,3,3,5,3,2,3,2,3,1,25.7617,-80.1918,Miami
534,535,764375,2,4,2,5,4,6,5,4,5,6,2,5,4,9,43.651,-79.347,Toronto
535,536,602166,6,3,6,3,3,5,5,3,5,3,6,3,2,11,36.1627,-86.7816,Nashville
536,537,788597,3,6,3,5,6,4,4,5,4,6,3,5,1,6,34.0522,-118.2437,Los Angeles
537,538,344416,2,3,2,5,3,5,5,3,5,6,2,5,4,12,39.7392,-104.9903,Denver
538,539,867792,6,3,5,4,3,6,6,3,5,4,6,4,2,4,47.6062,-122.3321,Seattle
539,540,462273,3,2,3,5,2,3,3,2,3,6,3,5,0,9,43.651,-79.347,Toronto
540,541,862269,3,6,3,5,6,4,4,5,4,6,3,6,1,12,39.7392,-104.9903,Denver
541,542,841173,6,3,6,4,3,6,6,3,6,4,6,4,2,9,43.651,-79.347,Toronto
542,543,731930,3,2,3,5,2,3,3,2,3,6,3,5,0,5,37.7749,-122.4194,San Francisco
543,544,789744,3,5,3,5,6,4,4,5,4,6,3,6,1,2,39.2904,-76.6122,Baltimore
544,545,834219,3,5,3,5,6,4,4,5,4,6,3,5,1,5,37.7749,-122.4194,San Francisco
545,546,406035,2,6,3,2,6,3,3,5,3,2,2,2,3,8,42.3314,-83.0458,Detroit
546,547,454065,2,3,2,5,3,5,5,3,5,6,2,5,4,10,29.7604,-95.3698,Houston
547,548,599832,3,2,3,5,2,3,3,2,3,6,3,6,0,4,47.6062,-122.3321,Seattle
548,549,604723,3,5,3,5,5,4,4,5,4,6,3,5,1,5,37.7749,-122.4194,San Francisco
549,550,797241,3,5,3,5,6,4,4,5,4,6,3,5,1,10,29.7604,-95.3698,Houston
550,551,523558,6,3,5,4,3,6,6,3,5,4,6,4,2,9,43.651,-79.347,Toronto
551,552,659892,2,3,2,5,3,6,5,3,5,6,2,5,4,8,42.3314,-83.0458,Detroit
552,553,570435,2,5,2,2,5,2,2,5,2,2,2,2,3,8,42.3314,-83.0458,Detroit
553,554,155940,3,1,3,5,1,3,3,2,3,6,3,5,0,4,47.6062,-122.3321,Seattle
554,555,630219,2,6,3,3,6,2,2,6,2,2,2,3,3,2,39.2904,-76.6122,Baltimore
555,556,624832,3,5,3,5,6,4,4,5,4,6,3,5,1,10,29.7604,-95.3698,Houston
556,557,363565,2,3,2,5,3,6,5,3,5,6,2,5,4,1,25.7617,-80.1918,Miami
557,558,272600,1,4,2,5,4,6,5,4,5,6,1,5,4,3,40.7128,-74.006,New York
558,559,334462,3,2,3,5,2,3,3,2,3,6,3,5,0,3,40.7128,-74.006,New York
559,560,310996,3,2,3,5,2,3,3,2,3,6,3,6,0,1,25.7617,-80.1918,Miami
560,561,861006,2,3,2,5,3,6,5,3,5,7,2,6,4,5,37.7749,-122.4194,San Francisco
561,562,364818,3,6,3,6,6,4,4,5,4,7,3,6,1,6,34.0522,-118.2437,Los Angeles
562,563,642443,3,2,3,5,2,3,3,2,3,6,3,6,0,9,43.651,-79.347,Toronto
563,564,721914,3,5,3,5,6,4,4,5,4,6,3,5,1,5,37.7749,-122.4194,San Francisco
564,565,193457,3,2,3,5,1,3,3,2,3,6,3,6,0,8,42.3314,-83.0458,Detroit
565,566,360313,5,3,5,4,3,6,6,3,6,3,5,4,2,5,37.7749,-122.4194,San Francisco
566,567,841739,3,6,3,5,6,4,4,5,4,6,3,5,1,7,45.5017,-73.5673,Montreal
567,568,431525,3,2,3,5,2,3,3,2,3,7,3,6,0,8,42.3314,-83.0458,Detroit
568,569,543941,3,6,3,5,6,4,4,5,4,6,3,5,1,10,29.7604,-95.3698,Houston
569,570,433229,2,6,3,2,6,2,2,5,2,2,2,2,3,4,47.6062,-122.3321,Seattle
570,571,517712,6,3,5,4,3,6,6,3,5,4,6,4,2,6,34.0522,-118.2437,Los Angeles
571,572,585944,5,3,5,4,3,6,5,3,5,4,5,4,2,4,47.6062,-122.3321,Seattle
572,573,812721,3,5,3,5,6,4,4,5,4,6,3,5,1,8,42.3314,-83.0458,Detroit
573,574,716950,2,5,2,2,6,2,2,5,2,2,2,2,3,7,45.5017,-73.5673,Montreal
574,575,506899,3,5,3,5,6,4,4,5,4,6,3,5,1,12,39.7392,-104.9903,Denver
575,576,244262,6,2,5,3,2,6,6,3,6,3,6,3,2,8,42.3314,-83.0458,Detroit
576,577,472347,3,2,3,5,2,4,4,2,4,6,3,6,0,12,39.7392,-104.9903,Denver
577,578,550116,3,2,3,5,2,4,4,2,4,6,3,6,0,12,39.7392,-104.9903,Denver
578,579,787303,2,3,2,5,3,6,5,3,5,6,2,6,4,2,39.2904,-76.6122,Baltimore
579,580,764375,3,2,3,5,2,3,3,2,3,6,3,6,0,9,43.651,-79.347,Toronto
580,581,509698,3,6,3,6,6,4,4,5,4,7,3,6,1,9,43.651,-79.347,Toronto
581,582,624653,6,2,5,4,2,5,5,3,5,4,6,4,2,8,42.3314,-83.0458,Detroit
582,583,582036,2,3,2,5,3,6,5,3,5,6,2,5,4,10,29.7604,-95.3698,Houston
583,584,246474,3,6,3,5,6,4,4,5,4,6,3,5,1,8,42.3314,-83.0458,Detroit
584,585,804640,6,3,5,4,3,6,6,3,5,4,6,4,2,2,39.2904,-76.6122,Baltimore
585,586,441219,3,2,3,5,2,3,3,2,3,6,3,5,0,11,36.1627,-86.7816,Nashville
586,587,277690,3,2,3,5,2,4,4,2,4,6,3,6,0,4,47.6062,-122.3321,Seattle
587,588,237365,3,2,3,5,1,3,3,2,3,6,3,5,0,7,45.5017,-73.5673,Montreal
588,589,245228,3,1,3,5,1,3,3,2,3,6,3,5,0,4,47.6062,-122.3321,Seattle
589,590,707730,2,6,3,2,6,2,3,5,3,2,2,2,3,9,43.651,-79.347,Toronto
590,591,307388,3,5,3,3,6,3,3,5,3,2,3,2,3,9,43.651,-79.347,Toronto
591,592,748221,3,2,3,5,2,4,4,2,4,6,3,5,0,2,39.2904,-76.6122,Baltimore
592,593,425272,3,2,3,5,2,4,4,2,4,6,3,6,0,11,36.1627,-86.7816,Nashville
593,594,460316,3,2,3,5,2,3,3,2,3,6,3,5,0,12,39.7392,-104.9903,Denver
594,595,450476,3,5,3,5,5,4,4,5,4,6,3,6,1,9,43.651,-79.347,Toronto
595,596,626499,3,2,3,5,1,3,3,2,3,6,3,5,0,4,47.6062,-122.3321,Seattle
596,597,781937,3,6,3,5,6,4,4,5,4,6,3,5,1,4,47.6062,-122.3321,Seattle
597,598,788719,3,5,3,5,6,4,4,5,4,6,3,5,1,12,39.7392,-104.9903,Denver
598,599,212141,3,2,3,5,2,3,3,2,3,6,3,5,0,6,34.0522,-118.2437,Los Angeles
599,600,531960,2,3,2,5,3,5,5,3,5,6,2,5,4,9,43.651,-79.347,Toronto
